event,id,chapter,kind,tin,tout,dur,track,rf_parent,status,asset,prompt
1,S01,CH.01,still,0:00,0:16,16,A,,GENERATED,https://d8j0ntlcm91z4.cloudfront.net/user_3DIdxOyZbIza4RXcOmzEG5FQVOT/hf_20260818_063848_26df9cff-66c2-4832-9fd9-776c435fa789.png,"An open handwritten manuscript resting on a low wooden stand in a dark room, its two facing pages catching the light of a single oil lamp just outside the frame. The written lines are suggested only as soft horizontal strokes of ink, never legible. Deep navy shadow fills the room behind. Slight curl to the parchment. Ink and watercolour illustration, visible pen linework in deep indigo-navy, loose translucent washes bleeding past the contour lines, dry-brush texture, warm cream parchment paper showing through. Restricted palette: deep indigo-navy, warm ochre, muted terracotta, olive-sage, bone white. One warm light source, deep navy shadow everywhere else. Hand-painted storybook plate, torn deckled paper edge. 16:9. No text, no lettering, no calligraphy in the image."
2,S02,CH.01,still,0:16,0:30,14,A,,HAVE,S02.png,"The same manuscript closed, seen from above, with five thin ribbon markers of faded terracotta and bone laid between its pages, their ends fanned across the cover. Warm ochre lamplight rakes from the left, throwing five long shadows. Everything else in deep navy. Ink and watercolour illustration, visible pen linework in deep indigo-navy, loose translucent washes bleeding past the contour lines, dry-brush texture, warm cream parchment paper showing through. Restricted palette: deep indigo-navy, warm ochre, muted terracotta, olive-sage, bone white. One warm light source, deep navy shadow everywhere else. Hand-painted storybook plate, torn deckled paper edge. 16:9. No text, no lettering, no calligraphy in the image."
3,S03,CH.01,still,0:30,0:44,14,A,,PENDING,,"Two mature olive trees growing from a single joined trunk at ground level, their canopies separate above, seen against a pale cream sky at low sun. Dry stony earth. The join at the base is the focal point, lit warm ochre; the canopies fall away into navy. Ink and watercolour illustration, visible pen linework in deep indigo-navy, loose translucent washes bleeding past the contour lines, dry-brush texture, warm cream parchment paper showing through. Restricted palette: deep indigo-navy, warm ochre, muted terracotta, olive-sage, bone white. One warm light source, deep navy shadow everywhere else. Hand-painted storybook plate, torn deckled paper edge. 16:9. No text, no lettering, no calligraphy in the image."
4,S04,CH.01,still,0:44,0:58,14,A,,HAVE,S04.jpg,"A plain arched doorway in a thick mudbrick wall, seen straight on from a dark interior, warm ochre daylight flooding through it and falling in a long rectangle across a swept earth floor. The doorway is empty. Deep navy walls on both sides. Ink and watercolour illustration, visible pen linework in deep indigo-navy, loose translucent washes bleeding past the contour lines, dry-brush texture, warm cream parchment paper showing through. Restricted palette: deep indigo-navy, warm ochre, muted terracotta, olive-sage, bone white. One warm light source, deep navy shadow everywhere else. Hand-painted storybook plate, torn deckled paper edge. 16:9. No text, no lettering, no calligraphy in the image."
5,S05,CH.01,still,0:58,1:12,14,A,,HAVE,S05.jpg,"Extreme close on a carved stone lintel: two shallow grooves running side by side along the stone, which merge into a single groove at the centre of the frame. Low raking ochre light picks out the carving; the surrounding stone falls to navy. Weathered, chipped, ancient. Ink and watercolour illustration, visible pen linework in deep indigo-navy, loose translucent washes bleeding past the contour lines, dry-brush texture, warm cream parchment paper showing through. Restricted palette: deep indigo-navy, warm ochre, muted terracotta, olive-sage, bone white. One warm light source, deep navy shadow everywhere else. Hand-painted storybook plate, torn deckled paper edge. 16:9. No text, no lettering, no calligraphy in the image."
6,S06,CH.01,still,1:12,1:26,14,A,,PENDING,,"A single page of a manuscript lifting and turning, caught mid-movement, seen edge-on against a dark ground with warm light passing through the parchment so the page glows translucent ochre at its thinnest. Ink strokes visible as shadow through the sheet, never legible. Ink and watercolour illustration, visible pen linework in deep indigo-navy, loose translucent washes bleeding past the contour lines, dry-brush texture, warm cream parchment paper showing through. Restricted palette: deep indigo-navy, warm ochre, muted terracotta, olive-sage, bone white. One warm light source, deep navy shadow everywhere else. Hand-painted storybook plate, torn deckled paper edge. 16:9. No text, no lettering, no calligraphy in the image."
7,S07,CH.01,still,1:26,1:38,12,A,,PENDING,,"A heavy bronze seal pressed into a disc of dark red wax on a wooden table, the seal still resting in place, wax squeezed out in a ragged ring around it. The seal's face is a plain geometric device with no letters. Single warm ochre light from the upper left, deep navy surround. Ink and watercolour illustration, visible pen linework in deep indigo-navy, loose translucent washes bleeding past the contour lines, dry-brush texture, warm cream parchment paper showing through. Restricted palette: deep indigo-navy, warm ochre, muted terracotta, olive-sage, bone white. One warm light source, deep navy shadow everywhere else. Hand-painted storybook plate, torn deckled paper edge. 16:9. No text, no lettering, no calligraphy in the image."
8,C1,CH.01,card,1:38,1:42,4,A,,TYPESET,,وَقَضَىٰ رَبُّكَ
9,S08,CH.01,still,1:42,1:56,14,A,,HAVE,S08.jpg,"A low wooden table seen from directly above. Two hands rest on it, not touching: one old, thin-skinned, with prominent knuckles and raised veins; one younger and broader. Both cropped at the wrist by the frame edge. Bare scrubbed wood, one warm ochre pool of lamplight, navy elsewhere. Ink and watercolour illustration, visible pen linework in deep indigo-navy, loose translucent washes bleeding past the contour lines, dry-brush texture, warm cream parchment paper showing through. Restricted palette: deep indigo-navy, warm ochre, muted terracotta, olive-sage, bone white. One warm light source, deep navy shadow everywhere else. Hand-painted storybook plate, torn deckled paper edge. 16:9. No text, no lettering, no calligraphy in the image. The same table, empty, with two drinking bowls set a hand's width apart — one chipped and old, one new. Nothing else. Ink and watercolour illustration, visible pen linework in deep indigo-navy, loose translucent washes bleeding past the contour lines, dry-brush texture, warm cream parchment paper showing through. Restricted palette: deep indigo-navy, warm ochre, muted terracotta, olive-sage, bone white. One warm light source, deep navy shadow everywhere else. Hand-painted storybook plate, torn deckled paper edge. 16:9. No text, no lettering, no calligraphy in the image."
10,S09,CH.01,still,1:56,2:10,14,A,,HAVE,S09.jpg,"Two pairs of worn leather sandals set side by side on a stone step beside a doorway: one pair large and deeply creased, one pair small. Warm ochre light from the open door falls across them. Dust on the leather. Deep navy in the recesses. Ink and watercolour illustration, visible pen linework in deep indigo-navy, loose translucent washes bleeding past the contour lines, dry-brush texture, warm cream parchment paper showing through. Restricted palette: deep indigo-navy, warm ochre, muted terracotta, olive-sage, bone white. One warm light source, deep navy shadow everywhere else. Hand-painted storybook plate, torn deckled paper edge. 16:9. No text, no lettering, no calligraphy in the image."
11,S10,CH.01,still,2:10,2:24,14,A,,PENDING,,"A simple interior seen from a doorway: two floor cushions set on a woven rug either side of a low table. One cushion is compressed and shaped by long use, the other flat and undisturbed. A lamp burns on the table. Deep navy corners, warm ochre centre. Ink and watercolour illustration, visible pen linework in deep indigo-navy, loose translucent washes bleeding past the contour lines, dry-brush texture, warm cream parchment paper showing through. Restricted palette: deep indigo-navy, warm ochre, muted terracotta, olive-sage, bone white. One warm light source, deep navy shadow everywhere else. Hand-painted storybook plate, torn deckled paper edge. 16:9. No text, no lettering, no calligraphy in the image."
12,S11,CH.01,reframe,2:24,2:35,11,A,S10,REFRAME,,"camera move on S10: Push to a tight framing on the lamp flame alone, the rest of the room falling out of focus into navy."
13,S12,CH.02,still,2:35,2:50,15,A,,PENDING,,"An elderly figure seen from behind, seated low on a floor cushion in the corner of a plain room, shoulders rounded under a bone-white shawl, the back of the covered head toward camera. No face is visible or implied. Warm ochre light from a high small window falls across the shawl. Deep navy room. Ink and watercolour illustration, visible pen linework in deep indigo-navy, loose translucent washes bleeding past the contour lines, dry-brush texture, warm cream parchment paper showing through. Restricted palette: deep indigo-navy, warm ochre, muted terracotta, olive-sage, bone white. One warm light source, deep navy shadow everywhere else. Hand-painted storybook plate, torn deckled paper edge. 16:9. No text, no lettering, no calligraphy in the image. The same corner, the cushion empty, the bone-white shawl folded and left on it, holding the shape of the shoulders that wore it. Ink and watercolour illustration, visible pen linework in deep indigo-navy, loose translucent washes bleeding past the contour lines, dry-brush texture, warm cream parchment paper showing through. Restricted palette: deep indigo-navy, warm ochre, muted terracotta, olive-sage, bone white. One warm light source, deep navy shadow everywhere else. Hand-painted storybook plate, torn deckled paper edge. 16:9. No text, no lettering, no calligraphy in the image."
14,S13,CH.02,still,2:50,3:05,15,A,,PENDING,,"A worn wooden walking stick propped against a mudbrick wall beside a low doorway, its handle darkened and polished by decades of hands. Warm ochre light from the doorway; the wall above falls into deep navy. Fine cracks in the plaster. Ink and watercolour illustration, visible pen linework in deep indigo-navy, loose translucent washes bleeding past the contour lines, dry-brush texture, warm cream parchment paper showing through. Restricted palette: deep indigo-navy, warm ochre, muted terracotta, olive-sage, bone white. One warm light source, deep navy shadow everywhere else. Hand-painted storybook plate, torn deckled paper edge. 16:9. No text, no lettering, no calligraphy in the image."
15,S14,CH.02,still,3:05,3:20,15,A,,PENDING,,"A single clay cup of tea on a windowsill, no steam rising from it, the surface of the liquid perfectly still. Beyond the window, a courtyard in flat late light. The cup is warm ochre; everything beyond the sill is cool navy. Ink and watercolour illustration, visible pen linework in deep indigo-navy, loose translucent washes bleeding past the contour lines, dry-brush texture, warm cream parchment paper showing through. Restricted palette: deep indigo-navy, warm ochre, muted terracotta, olive-sage, bone white. One warm light source, deep navy shadow everywhere else. Hand-painted storybook plate, torn deckled paper edge. 16:9. No text, no lettering, no calligraphy in the image."
16,S15,CH.02,still,3:20,3:35,15,A,,PENDING,,"A pair of thin hands cropped at the forearm, resting palm-up and open in a lap of undyed cloth, fingers slightly curled, entirely still. Warm ochre light from one side, deep navy fabric shadow. Skin rendered with dry-brush texture, loose and papery. Ink and watercolour illustration, visible pen linework in deep indigo-navy, loose translucent washes bleeding past the contour lines, dry-brush texture, warm cream parchment paper showing through. Restricted palette: deep indigo-navy, warm ochre, muted terracotta, olive-sage, bone white. One warm light source, deep navy shadow everywhere else. Hand-painted storybook plate, torn deckled paper edge. 16:9. No text, no lettering, no calligraphy in the image. A pair of worn spectacles folded on a stack of undyed folded cloth, one lens catching the ochre light. Ink and watercolour illustration, visible pen linework in deep indigo-navy, loose translucent washes bleeding past the contour lines, dry-brush texture, warm cream parchment paper showing through. Restricted palette: deep indigo-navy, warm ochre, muted terracotta, olive-sage, bone white. One warm light source, deep navy shadow everywhere else. Hand-painted storybook plate, torn deckled paper edge. 16:9. No text, no lettering, no calligraphy in the image."
17,S16,CH.02,still,3:35,3:50,15,A,,PENDING,,"Two sleeping mats laid out on a floor, one rolled and tied, one still unrolled and lived-in. Warm ochre lamplight from floor level throws long shadows across the woven texture. Deep navy beyond. Ink and watercolour illustration, visible pen linework in deep indigo-navy, loose translucent washes bleeding past the contour lines, dry-brush texture, warm cream parchment paper showing through. Restricted palette: deep indigo-navy, warm ochre, muted terracotta, olive-sage, bone white. One warm light source, deep navy shadow everywhere else. Hand-painted storybook plate, torn deckled paper edge. 16:9. No text, no lettering, no calligraphy in the image."
18,S17,CH.02,still,3:50,4:05,15,A,,PENDING,,"A window shutter half-open onto a dark courtyard at dusk, one lamp lit in a facing room across the yard, very small and warm in a field of deep navy. Rain has darkened the stone sill. Ink and watercolour illustration, visible pen linework in deep indigo-navy, loose translucent washes bleeding past the contour lines, dry-brush texture, warm cream parchment paper showing through. Restricted palette: deep indigo-navy, warm ochre, muted terracotta, olive-sage, bone white. One warm light source, deep navy shadow everywhere else. Hand-painted storybook plate, torn deckled paper edge. 16:9. No text, no lettering, no calligraphy in the image."
19,S18,CH.02,still,4:05,4:20,15,A,,PENDING,,"A younger figure seen from behind in a doorway, shoulders and back only, stopped on the threshold and looking into a lit room beyond. Cropped at the neck by the frame — no head in shot. Warm ochre spill from the room, deep navy on the figure and the doorframe. Ink and watercolour illustration, visible pen linework in deep indigo-navy, loose translucent washes bleeding past the contour lines, dry-brush texture, warm cream parchment paper showing through. Restricted palette: deep indigo-navy, warm ochre, muted terracotta, olive-sage, bone white. One warm light source, deep navy shadow everywhere else. Hand-painted storybook plate, torn deckled paper edge. 16:9. No text, no lettering, no calligraphy in the image. The threshold itself, seen from the dark side: a worn stone step, warm ochre light from the room beyond falling across it, a single sandal left at the edge. Ink and watercolour illustration, visible pen linework in deep indigo-navy, loose translucent washes bleeding past the contour lines, dry-brush texture, warm cream parchment paper showing through. Restricted palette: deep indigo-navy, warm ochre, muted terracotta, olive-sage, bone white. One warm light source, deep navy shadow everywhere else. Hand-painted storybook plate, torn deckled paper edge. 16:9. No text, no lettering, no calligraphy in the image."
20,S19,CH.02,still,4:20,4:35,15,A,,PENDING,,"A clay water jug and a shallow bowl on a low shelf, the jug's shoulder catching warm ochre light, water beaded on its side. Behind, a rough plastered wall in deep navy. Utterly domestic, utterly still. Ink and watercolour illustration, visible pen linework in deep indigo-navy, loose translucent washes bleeding past the contour lines, dry-brush texture, warm cream parchment paper showing through. Restricted palette: deep indigo-navy, warm ochre, muted terracotta, olive-sage, bone white. One warm light source, deep navy shadow everywhere else. Hand-painted storybook plate, torn deckled paper edge. 16:9. No text, no lettering, no calligraphy in the image."
21,S20,CH.02,reframe,4:35,4:50,15,A,S19,REFRAME,,"camera move on S19: Push in to the beaded water on the jug's shoulder, a single drop about to run."
22,S21,CH.03,still,4:50,5:05,15,A,,PENDING,,"Five manuscript pages laid out in a row on a dark wooden table, overlapping slightly, each with a single line of ink suggested near its top edge — strokes only, never legible. Warm ochre light from directly above; the table falls to navy at the edges of frame. Ink and watercolour illustration, visible pen linework in deep indigo-navy, loose translucent washes bleeding past the contour lines, dry-brush texture, warm cream parchment paper showing through. Restricted palette: deep indigo-navy, warm ochre, muted terracotta, olive-sage, bone white. One warm light source, deep navy shadow everywhere else. Hand-painted storybook plate, torn deckled paper edge. 16:9. No text, no lettering, no calligraphy in the image."
23,C2,CH.03,card,5:05,5:09,4,A,,TYPESET,,وَبِالْوَالِدَيْنِ إِحْسَانًا
24,S22,CH.03,still,5:09,5:22,13,A,,PENDING,,"A chain of five small bronze links laid in a curve on cream parchment, the first link noticeably larger and heavier than the four that follow. Raking ochre light throws a long shadow from each link. Ink and watercolour illustration, visible pen linework in deep indigo-navy, loose translucent washes bleeding past the contour lines, dry-brush texture, warm cream parchment paper showing through. Restricted palette: deep indigo-navy, warm ochre, muted terracotta, olive-sage, bone white. One warm light source, deep navy shadow everywhere else. Hand-painted storybook plate, torn deckled paper edge. 16:9. No text, no lettering, no calligraphy in the image."
25,S23,CH.03,still,5:22,5:35,13,A,,PENDING,,"A concentric arrangement seen from directly above: a small woven mat at the centre, a larger ring of swept earth around it, a courtyard wall around that, and a track leading away into open country. Warm ochre at the centre falling to deep navy at the outer edge. Ink and watercolour illustration, visible pen linework in deep indigo-navy, loose translucent washes bleeding past the contour lines, dry-brush texture, warm cream parchment paper showing through. Restricted palette: deep indigo-navy, warm ochre, muted terracotta, olive-sage, bone white. One warm light source, deep navy shadow everywhere else. Hand-painted storybook plate, torn deckled paper edge. 16:9. No text, no lettering, no calligraphy in the image."
26,S24,CH.03,still,5:35,5:48,13,A,,PENDING,,"A doorway at night with a small oil lamp set on the step outside it, lighting the ground for whoever might pass. A traveller's bundle and staff rest against the far side of the doorway. No person present. Deep navy street beyond. Ink and watercolour illustration, visible pen linework in deep indigo-navy, loose translucent washes bleeding past the contour lines, dry-brush texture, warm cream parchment paper showing through. Restricted palette: deep indigo-navy, warm ochre, muted terracotta, olive-sage, bone white. One warm light source, deep navy shadow everywhere else. Hand-painted storybook plate, torn deckled paper edge. 16:9. No text, no lettering, no calligraphy in the image."
27,S25,CH.03,still,5:48,6:01,13,A,,PENDING,,"An old date palm and a very young palm shoot growing from the same patch of ground, seen against a pale cream sky. The old trunk is scarred and fibrous, the shoot bright and soft. Low warm sun from the right. Ink and watercolour illustration, visible pen linework in deep indigo-navy, loose translucent washes bleeding past the contour lines, dry-brush texture, warm cream parchment paper showing through. Restricted palette: deep indigo-navy, warm ochre, muted terracotta, olive-sage, bone white. One warm light source, deep navy shadow everywhere else. Hand-painted storybook plate, torn deckled paper edge. 16:9. No text, no lettering, no calligraphy in the image."
28,S26,CH.03,still,6:01,6:14,13,A,,PENDING,,"A stone hand-mill on a floor, its upper stone worn into a shallow bowl by years of turning, a scatter of grain around its base. Warm ochre light from one side, deep navy floor. Ink and watercolour illustration, visible pen linework in deep indigo-navy, loose translucent washes bleeding past the contour lines, dry-brush texture, warm cream parchment paper showing through. Restricted palette: deep indigo-navy, warm ochre, muted terracotta, olive-sage, bone white. One warm light source, deep navy shadow everywhere else. Hand-painted storybook plate, torn deckled paper edge. 16:9. No text, no lettering, no calligraphy in the image."
29,S27,CH.03,still,6:14,6:27,13,A,,PENDING,,"A figure seen from behind and at distance, carrying a heavy bundle on the back while climbing a stony path, the body bent forward under the load. Small in frame, no detail resolvable. Pale cream sky, navy rock, one warm ochre patch of sunlight on the path ahead. Ink and watercolour illustration, visible pen linework in deep indigo-navy, loose translucent washes bleeding past the contour lines, dry-brush texture, warm cream parchment paper showing through. Restricted palette: deep indigo-navy, warm ochre, muted terracotta, olive-sage, bone white. One warm light source, deep navy shadow everywhere else. Hand-painted storybook plate, torn deckled paper edge. 16:9. No text, no lettering, no calligraphy in the image. The stony path alone, steep, with a heavy bundle set down at the side of it and a set of footprints continuing upward. Ink and watercolour illustration, visible pen linework in deep indigo-navy, loose translucent washes bleeding past the contour lines, dry-brush texture, warm cream parchment paper showing through. Restricted palette: deep indigo-navy, warm ochre, muted terracotta, olive-sage, bone white. One warm light source, deep navy shadow everywhere else. Hand-painted storybook plate, torn deckled paper edge. 16:9. No text, no lettering, no calligraphy in the image."
30,S28,CH.03,still,6:27,6:35,8,A,,PENDING,,"A set of brass scales at rest, both pans empty and perfectly level, on a dark surface. Warm ochre rim light along the beam, deep navy behind. Ink and watercolour illustration, visible pen linework in deep indigo-navy, loose translucent washes bleeding past the contour lines, dry-brush texture, warm cream parchment paper showing through. Restricted palette: deep indigo-navy, warm ochre, muted terracotta, olive-sage, bone white. One warm light source, deep navy shadow everywhere else. Hand-painted storybook plate, torn deckled paper edge. 16:9. No text, no lettering, no calligraphy in the image."
31,C3,CH.03,card,6:35,6:39,4,A,,TYPESET,,وَهْنًا عَلَىٰ وَهْنٍ
32,S29,CH.03,still,6:39,6:52,13,A,,PENDING,,"A thin cotton thread stretched taut between two fixed points, with many small weights hung along its length, the thread bowing deeply in the middle under the accumulated load. Plain cream ground, one warm light from the left, navy shadows. Ink and watercolour illustration, visible pen linework in deep indigo-navy, loose translucent washes bleeding past the contour lines, dry-brush texture, warm cream parchment paper showing through. Restricted palette: deep indigo-navy, warm ochre, muted terracotta, olive-sage, bone white. One warm light source, deep navy shadow everywhere else. Hand-painted storybook plate, torn deckled paper edge. 16:9. No text, no lettering, no calligraphy in the image."
33,S30,CH.03,still,6:52,7:05,13,A,,PENDING,,"A woven cradle of palm fibre suspended by two ropes from a dark ceiling beam, empty, still swinging very slightly. Warm ochre light catches one side of the weave. Deep navy above and behind. Ink and watercolour illustration, visible pen linework in deep indigo-navy, loose translucent washes bleeding past the contour lines, dry-brush texture, warm cream parchment paper showing through. Restricted palette: deep indigo-navy, warm ochre, muted terracotta, olive-sage, bone white. One warm light source, deep navy shadow everywhere else. Hand-painted storybook plate, torn deckled paper edge. 16:9. No text, no lettering, no calligraphy in the image."
34,C4,CH.03,card,7:05,7:09,4,A,,TYPESET,,وَلِوَالِدَيْكَ
35,S31,CH.03,still,7:09,7:24,15,A,,PENDING,,"Two clay bowls on a table, one large and one small, the small one set inside the large one. Warm ochre light from above, the rims catching the light, the interiors falling to deep navy. Ink and watercolour illustration, visible pen linework in deep indigo-navy, loose translucent washes bleeding past the contour lines, dry-brush texture, warm cream parchment paper showing through. Restricted palette: deep indigo-navy, warm ochre, muted terracotta, olive-sage, bone white. One warm light source, deep navy shadow everywhere else. Hand-painted storybook plate, torn deckled paper edge. 16:9. No text, no lettering, no calligraphy in the image."
36,S32,CH.03,still,7:24,7:40,16,A,,PENDING,,"A closed manuscript on a stand in a darkening room, the lamp beside it burning low, the flame small. Most of the frame is deep navy. The last warm light sits on the book's fore-edge. Ink and watercolour illustration, visible pen linework in deep indigo-navy, loose translucent washes bleeding past the contour lines, dry-brush texture, warm cream parchment paper showing through. Restricted palette: deep indigo-navy, warm ochre, muted terracotta, olive-sage, bone white. One warm light source, deep navy shadow everywhere else. Hand-painted storybook plate, torn deckled paper edge. 16:9. No text, no lettering, no calligraphy in the image."
37,S33,CH.04,still,7:40,7:52,12,A,,PENDING,,"A single lamp flame, very close, seen against total deep navy darkness — the flame leaning sharply to one side as though a breath has just crossed it, but not extinguished. Warm ochre core, thin bright edge. Nothing else in frame. Ink and watercolour illustration, visible pen linework in deep indigo-navy, loose translucent washes bleeding past the contour lines, dry-brush texture, warm cream parchment paper showing through. Restricted palette: deep indigo-navy, warm ochre, muted terracotta, olive-sage, bone white. One warm light source, deep navy shadow everywhere else. Hand-painted storybook plate, torn deckled paper edge. 16:9. No text, no lettering, no calligraphy in the image."
38,C5,CH.04,card,7:52,7:56,4,A,,TYPESET,,أُفٍّ   ★ THE CENTREPIECE CARD ★
39,S34,CH.04,reframe,7:56,8:10,14,A,S33,REFRAME,,camera move on S33: Hold on the flame as it returns to vertical and steadies.
40,S35,CH.04,still,8:10,8:24,14,A,,PENDING,,"A fine drift of dust or chaff caught in a shaft of warm ochre light crossing a dark room, the particles disturbed and swirling as if something has just moved through them. Deep navy everywhere the shaft does not reach. Ink and watercolour illustration, visible pen linework in deep indigo-navy, loose translucent washes bleeding past the contour lines, dry-brush texture, warm cream parchment paper showing through. Restricted palette: deep indigo-navy, warm ochre, muted terracotta, olive-sage, bone white. One warm light source, deep navy shadow everywhere else. Hand-painted storybook plate, torn deckled paper edge. 16:9. No text, no lettering, no calligraphy in the image."
41,S36,CH.04,still,8:24,8:38,14,A,,PENDING,,"Extreme close on the surface of water in a clay bowl, one set of fine concentric ripples crossing it from the near edge, as though disturbed by breath rather than by touch. Warm ochre reflection broken by the ripples. Ink and watercolour illustration, visible pen linework in deep indigo-navy, loose translucent washes bleeding past the contour lines, dry-brush texture, warm cream parchment paper showing through. Restricted palette: deep indigo-navy, warm ochre, muted terracotta, olive-sage, bone white. One warm light source, deep navy shadow everywhere else. Hand-painted storybook plate, torn deckled paper edge. 16:9. No text, no lettering, no calligraphy in the image."
42,S37,CH.04,still,8:38,8:52,14,A,,PENDING,,"A doorway threshold stone photographed low and close, deeply worn into a dip at its centre by generations of feet. Warm ochre light from the far side, deep navy on the near side. Ink and watercolour illustration, visible pen linework in deep indigo-navy, loose translucent washes bleeding past the contour lines, dry-brush texture, warm cream parchment paper showing through. Restricted palette: deep indigo-navy, warm ochre, muted terracotta, olive-sage, bone white. One warm light source, deep navy shadow everywhere else. Hand-painted storybook plate, torn deckled paper edge. 16:9. No text, no lettering, no calligraphy in the image."
43,S38,CH.04,still,8:52,9:06,14,A,,PENDING,,"A tall stack of flat stones balanced one on another, the topmost stone very small — a pebble — sitting at the summit. Plain cream ground, single warm ochre light from the left, long navy shadow. Ink and watercolour illustration, visible pen linework in deep indigo-navy, loose translucent washes bleeding past the contour lines, dry-brush texture, warm cream parchment paper showing through. Restricted palette: deep indigo-navy, warm ochre, muted terracotta, olive-sage, bone white. One warm light source, deep navy shadow everywhere else. Hand-painted storybook plate, torn deckled paper edge. 16:9. No text, no lettering, no calligraphy in the image."
44,S39,CH.04,still,9:06,9:20,14,A,,PENDING,,"A set of brass scales in which one pan holds a single grain and the other is empty, and the pan with the single grain has nonetheless sunk all the way down. Warm ochre rim light, deep navy ground. Ink and watercolour illustration, visible pen linework in deep indigo-navy, loose translucent washes bleeding past the contour lines, dry-brush texture, warm cream parchment paper showing through. Restricted palette: deep indigo-navy, warm ochre, muted terracotta, olive-sage, bone white. One warm light source, deep navy shadow everywhere else. Hand-painted storybook plate, torn deckled paper edge. 16:9. No text, no lettering, no calligraphy in the image."
45,S40,CH.04,still,9:20,9:34,14,A,,PENDING,,"A hand cropped at the wrist, resting on a closed door, the fingers spread and still — the gesture of someone who has stopped just short of pushing it open. Warm ochre light down the doorframe edge, deep navy across the door's face. Ink and watercolour illustration, visible pen linework in deep indigo-navy, loose translucent washes bleeding past the contour lines, dry-brush texture, warm cream parchment paper showing through. Restricted palette: deep indigo-navy, warm ochre, muted terracotta, olive-sage, bone white. One warm light source, deep navy shadow everywhere else. Hand-painted storybook plate, torn deckled paper edge. 16:9. No text, no lettering, no calligraphy in the image. The closed door alone, the same warm ochre light down its frame edge, a shadow across its lower half suggesting someone standing outside it. Ink and watercolour illustration, visible pen linework in deep indigo-navy, loose translucent washes bleeding past the contour lines, dry-brush texture, warm cream parchment paper showing through. Restricted palette: deep indigo-navy, warm ochre, muted terracotta, olive-sage, bone white. One warm light source, deep navy shadow everywhere else. Hand-painted storybook plate, torn deckled paper edge. 16:9. No text, no lettering, no calligraphy in the image."
46,S41,CH.04,still,9:34,9:48,14,A,,PENDING,,"A cooking pot on low embers with its lid slightly ajar, one thin line of steam escaping from the gap. Warm ochre from the embers below, deep navy kitchen around. The escape is the subject. Ink and watercolour illustration, visible pen linework in deep indigo-navy, loose translucent washes bleeding past the contour lines, dry-brush texture, warm cream parchment paper showing through. Restricted palette: deep indigo-navy, warm ochre, muted terracotta, olive-sage, bone white. One warm light source, deep navy shadow everywhere else. Hand-painted storybook plate, torn deckled paper edge. 16:9. No text, no lettering, no calligraphy in the image."
47,S42,CH.04,still,9:48,10:02,14,A,,PENDING,,"Two figures seen at a distance across a courtyard at dusk, both from behind, one seated and one standing a few paces away with the body angled slightly toward the door rather than toward the seated figure. Very small in frame. Warm ochre lamp in the seated figure's alcove, deep navy courtyard. Ink and watercolour illustration, visible pen linework in deep indigo-navy, loose translucent washes bleeding past the contour lines, dry-brush texture, warm cream parchment paper showing through. Restricted palette: deep indigo-navy, warm ochre, muted terracotta, olive-sage, bone white. One warm light source, deep navy shadow everywhere else. Hand-painted storybook plate, torn deckled paper edge. 16:9. No text, no lettering, no calligraphy in the image. A courtyard at dusk with two floor cushions set at an angle to each other rather than facing, one lamp burning beside the further cushion. Ink and watercolour illustration, visible pen linework in deep indigo-navy, loose translucent washes bleeding past the contour lines, dry-brush texture, warm cream parchment paper showing through. Restricted palette: deep indigo-navy, warm ochre, muted terracotta, olive-sage, bone white. One warm light source, deep navy shadow everywhere else. Hand-painted storybook plate, torn deckled paper edge. 16:9. No text, no lettering, no calligraphy in the image."
48,S43,CH.04,still,10:02,10:16,14,A,,PENDING,,"A hairline crack running across the glaze of an otherwise perfect clay vessel, seen extremely close. The vessel is unbroken and entirely functional. Warm ochre raking light makes the crack read as a thin navy line. Ink and watercolour illustration, visible pen linework in deep indigo-navy, loose translucent washes bleeding past the contour lines, dry-brush texture, warm cream parchment paper showing through. Restricted palette: deep indigo-navy, warm ochre, muted terracotta, olive-sage, bone white. One warm light source, deep navy shadow everywhere else. Hand-painted storybook plate, torn deckled paper edge. 16:9. No text, no lettering, no calligraphy in the image."
49,S44,CH.04,still,10:16,10:30,14,A,,PENDING,,"A woven mat with a single thread pulled loose and standing proud of the surface, disturbing the pattern for a hand's width around it. Close and low. Warm ochre light, navy shadow in the weave. Ink and watercolour illustration, visible pen linework in deep indigo-navy, loose translucent washes bleeding past the contour lines, dry-brush texture, warm cream parchment paper showing through. Restricted palette: deep indigo-navy, warm ochre, muted terracotta, olive-sage, bone white. One warm light source, deep navy shadow everywhere else. Hand-painted storybook plate, torn deckled paper edge. 16:9. No text, no lettering, no calligraphy in the image."
50,C6,CH.04,card,10:30,10:34,4,A,,TYPESET,,قَوْلًا كَرِيمًا
51,S45,CH.04,still,10:34,10:50,16,A,,PENDING,,"A length of fine bone-white cloth being lifted and offered on two open palms — hands cropped at the wrist by the frame. The cloth is unmarked and of obvious quality. Warm ochre light falls fully on it. Deep navy behind. Ink and watercolour illustration, visible pen linework in deep indigo-navy, loose translucent washes bleeding past the contour lines, dry-brush texture, warm cream parchment paper showing through. Restricted palette: deep indigo-navy, warm ochre, muted terracotta, olive-sage, bone white. One warm light source, deep navy shadow everywhere else. Hand-painted storybook plate, torn deckled paper edge. 16:9. No text, no lettering, no calligraphy in the image."
52,S46,CH.04,still,10:50,11:05,15,A,,PENDING,,"A cup of water set down on a low table beside a seated cushion, placed carefully and squarely, with a folded cloth beneath it. Nobody present. Warm ochre pool of lamplight around the cup, deep navy beyond its edge. Ink and watercolour illustration, visible pen linework in deep indigo-navy, loose translucent washes bleeding past the contour lines, dry-brush texture, warm cream parchment paper showing through. Restricted palette: deep indigo-navy, warm ochre, muted terracotta, olive-sage, bone white. One warm light source, deep navy shadow everywhere else. Hand-painted storybook plate, torn deckled paper edge. 16:9. No text, no lettering, no calligraphy in the image."
53,S47,CH.04,still,11:05,11:20,15,A,,PENDING,,"A doorway seen from inside a dark room, its curtain drawn fully back and hooked open, warm ochre light flooding in unobstructed. The gesture of the frame is welcome. Ink and watercolour illustration, visible pen linework in deep indigo-navy, loose translucent washes bleeding past the contour lines, dry-brush texture, warm cream parchment paper showing through. Restricted palette: deep indigo-navy, warm ochre, muted terracotta, olive-sage, bone white. One warm light source, deep navy shadow everywhere else. Hand-painted storybook plate, torn deckled paper edge. 16:9. No text, no lettering, no calligraphy in the image."
54,S48,CH.05,still,11:20,11:30,10,A,,GENERATED,https://d8j0ntlcm91z4.cloudfront.net/user_3DIdxOyZbIza4RXcOmzEG5FQVOT/hf_20260818_063848_3eee8515-8814-4753-bdf8-49a8efca1afe.png,"An immense flat open plain seen from a low vantage at dawn, running unbroken to a distant horizon, with no wall, fence or boundary anywhere in the frame. Pale cream sky, warm ochre light along the horizon line, navy foreground earth. Ink and watercolour illustration, visible pen linework in deep indigo-navy, loose translucent washes bleeding past the contour lines, dry-brush texture, warm cream parchment paper showing through. Restricted palette: deep indigo-navy, warm ochre, muted terracotta, olive-sage, bone white. One warm light source, deep navy shadow everywhere else. Hand-painted storybook plate, torn deckled paper edge. 16:9. No text, no lettering, no calligraphy in the image."
55,C7,CH.05,card,11:30,11:34,4,A,,TYPESET,,بِرّ / عُقُوق   [split card]
56,S49,CH.05,reframe,11:34,11:49,15,A,S48,REFRAME,,"camera move on S48: Slow lateral pan across the open plain, holding the horizon."
57,S50,CH.05,still,11:49,12:04,15,A,,PENDING,,"A wide shallow bowl being filled with grain from above, the grain overflowing the rim and spilling down the sides onto the table in a widening heap. Warm ochre light from the left, deep navy behind. Abundance past the point of containment. Ink and watercolour illustration, visible pen linework in deep indigo-navy, loose translucent washes bleeding past the contour lines, dry-brush texture, warm cream parchment paper showing through. Restricted palette: deep indigo-navy, warm ochre, muted terracotta, olive-sage, bone white. One warm light source, deep navy shadow everywhere else. Hand-painted storybook plate, torn deckled paper edge. 16:9. No text, no lettering, no calligraphy in the image."
58,S51,CH.05,still,12:04,12:19,15,A,,PENDING,,"A root system exposed in a cutaway of dry earth, spreading wide and fine and far beyond the width of the small tree above it. Warm ochre in the upper soil, deep navy in the depths. Ink and watercolour illustration, visible pen linework in deep indigo-navy, loose translucent washes bleeding past the contour lines, dry-brush texture, warm cream parchment paper showing through. Restricted palette: deep indigo-navy, warm ochre, muted terracotta, olive-sage, bone white. One warm light source, deep navy shadow everywhere else. Hand-painted storybook plate, torn deckled paper edge. 16:9. No text, no lettering, no calligraphy in the image."
59,S52,CH.05,still,12:19,12:34,15,A,,PENDING,,"A thick rope of woven fibre lying on a dark surface, cleanly severed at the centre of frame, the two cut ends splayed and fraying, a hand's width of empty dark ground between them. Hard ochre raking light across the fibres. Ink and watercolour illustration, visible pen linework in deep indigo-navy, loose translucent washes bleeding past the contour lines, dry-brush texture, warm cream parchment paper showing through. Restricted palette: deep indigo-navy, warm ochre, muted terracotta, olive-sage, bone white. One warm light source, deep navy shadow everywhere else. Hand-painted storybook plate, torn deckled paper edge. 16:9. No text, no lettering, no calligraphy in the image."
60,S53,CH.05,reframe,12:34,12:49,15,A,S52,REFRAME,,camera move on S52: Push in tight on the gap between the two cut ends.
61,S54,CH.05,still,12:49,13:04,15,A,,PENDING,,"A dry riverbed cracked into plates, the fissures running deep and dark between them, seen from above. Pale cream and ochre earth, deep navy in the cracks. Ink and watercolour illustration, visible pen linework in deep indigo-navy, loose translucent washes bleeding past the contour lines, dry-brush texture, warm cream parchment paper showing through. Restricted palette: deep indigo-navy, warm ochre, muted terracotta, olive-sage, bone white. One warm light source, deep navy shadow everywhere else. Hand-painted storybook plate, torn deckled paper edge. 16:9. No text, no lettering, no calligraphy in the image."
62,S55,CH.05,still,13:04,13:19,15,A,,PENDING,,"A single fired clay tile broken cleanly in two, the halves set slightly apart on a dark table so the break line reads as a navy channel. Warm ochre light. The break is fresh and sharp. Ink and watercolour illustration, visible pen linework in deep indigo-navy, loose translucent washes bleeding past the contour lines, dry-brush texture, warm cream parchment paper showing through. Restricted palette: deep indigo-navy, warm ochre, muted terracotta, olive-sage, bone white. One warm light source, deep navy shadow everywhere else. Hand-painted storybook plate, torn deckled paper edge. 16:9. No text, no lettering, no calligraphy in the image."
63,S56,CH.05,still,13:19,13:34,15,A,,PENDING,,"A seated figure seen from behind and slightly above, on a floor cushion, in the act of straightening up from a reclining posture — shoulders lifting, back becoming vertical. Cropped at the neck, no head in frame. Warm ochre lamp to one side. Deep navy room. Ink and watercolour illustration, visible pen linework in deep indigo-navy, loose translucent washes bleeding past the contour lines, dry-brush texture, warm cream parchment paper showing through. Restricted palette: deep indigo-navy, warm ochre, muted terracotta, olive-sage, bone white. One warm light source, deep navy shadow everywhere else. Hand-painted storybook plate, torn deckled paper edge. 16:9. No text, no lettering, no calligraphy in the image. A floor cushion and a bolster, the bolster pushed aside and the cushion's compression showing someone has just risen from it. Lamp beside. Ink and watercolour illustration, visible pen linework in deep indigo-navy, loose translucent washes bleeding past the contour lines, dry-brush texture, warm cream parchment paper showing through. Restricted palette: deep indigo-navy, warm ochre, muted terracotta, olive-sage, bone white. One warm light source, deep navy shadow everywhere else. Hand-painted storybook plate, torn deckled paper edge. 16:9. No text, no lettering, no calligraphy in the image."
64,S57,CH.05,still,13:34,13:49,15,A,,PENDING,,"A short list of objects arranged in a descending vertical line on cream parchment — a small stone at the top, then progressively smaller stones beneath it. No text anywhere. Warm ochre light from the upper left, each stone throwing a navy shadow. Ink and watercolour illustration, visible pen linework in deep indigo-navy, loose translucent washes bleeding past the contour lines, dry-brush texture, warm cream parchment paper showing through. Restricted palette: deep indigo-navy, warm ochre, muted terracotta, olive-sage, bone white. One warm light source, deep navy shadow everywhere else. Hand-painted storybook plate, torn deckled paper edge. 16:9. No text, no lettering, no calligraphy in the image."
65,S58,CH.05,reframe,13:49,14:05,16,A,S57,REFRAME,,"camera move on S57: Push to the top stone alone, the rest falling out of frame below."
66,S59,CH.06,still,14:05,14:30,25,A,,PENDING,,"A lamp being refilled with oil from a small jug, the vessel steady on a table, the flame still burning as the oil goes in. Warm ochre light from the flame itself, deep navy room. Held long under the subscribe ask. Ink and watercolour illustration, visible pen linework in deep indigo-navy, loose translucent washes bleeding past the contour lines, dry-brush texture, warm cream parchment paper showing through. Restricted palette: deep indigo-navy, warm ochre, muted terracotta, olive-sage, bone white. One warm light source, deep navy shadow everywhere else. Hand-painted storybook plate, torn deckled paper edge. 16:9. No text, no lettering, no calligraphy in the image."
67,S60,CH.06,still,14:30,14:44,14,A,,PENDING,,"A phrase's worth of decorative tilework on a wall, one tile of which has been replaced at some point with a tile of a slightly different pattern — visible only on close inspection. Warm ochre raking light. Deep navy grout lines. Ink and watercolour illustration, visible pen linework in deep indigo-navy, loose translucent washes bleeding past the contour lines, dry-brush texture, warm cream parchment paper showing through. Restricted palette: deep indigo-navy, warm ochre, muted terracotta, olive-sage, bone white. One warm light source, deep navy shadow everywhere else. Hand-painted storybook plate, torn deckled paper edge. 16:9. No text, no lettering, no calligraphy in the image."
68,S61,CH.06,still,14:44,14:58,14,A,,PENDING,,"A worn stone floor, seen from standing height, at the point where a doorway's threshold meets it. Two bare footprints' worth of wear are visible in the stone just inside the door. No feet present. Warm ochre light from the doorway. Ink and watercolour illustration, visible pen linework in deep indigo-navy, loose translucent washes bleeding past the contour lines, dry-brush texture, warm cream parchment paper showing through. Restricted palette: deep indigo-navy, warm ochre, muted terracotta, olive-sage, bone white. One warm light source, deep navy shadow everywhere else. Hand-painted storybook plate, torn deckled paper edge. 16:9. No text, no lettering, no calligraphy in the image."
69,S62,CH.06,still,14:58,15:12,14,A,,PENDING,,"A saddled travelling camel standing at a gate at dawn, loaded and ready, its lead rope hanging loose and untied. Seen at distance and side-on. Pale cream sky, warm ochre light along the animal's back, deep navy gate. Ink and watercolour illustration, visible pen linework in deep indigo-navy, loose translucent washes bleeding past the contour lines, dry-brush texture, warm cream parchment paper showing through. Restricted palette: deep indigo-navy, warm ochre, muted terracotta, olive-sage, bone white. One warm light source, deep navy shadow everywhere else. Hand-painted storybook plate, torn deckled paper edge. 16:9. No text, no lettering, no calligraphy in the image. A gate at dawn with a full travelling pack, a water skin and a bedroll set on the ground beside it, the lead rope coiled on top. Ink and watercolour illustration, visible pen linework in deep indigo-navy, loose translucent washes bleeding past the contour lines, dry-brush texture, warm cream parchment paper showing through. Restricted palette: deep indigo-navy, warm ochre, muted terracotta, olive-sage, bone white. One warm light source, deep navy shadow everywhere else. Hand-painted storybook plate, torn deckled paper edge. 16:9. No text, no lettering, no calligraphy in the image."
70,S63,CH.06,still,15:12,15:26,14,A,,PENDING,,"A doorway seen from the road outside, with a lamp burning within, and the road itself running away from it into deep navy country. The lit doorway is small in frame and the road is large. Ink and watercolour illustration, visible pen linework in deep indigo-navy, loose translucent washes bleeding past the contour lines, dry-brush texture, warm cream parchment paper showing through. Restricted palette: deep indigo-navy, warm ochre, muted terracotta, olive-sage, bone white. One warm light source, deep navy shadow everywhere else. Hand-painted storybook plate, torn deckled paper edge. 16:9. No text, no lettering, no calligraphy in the image."
71,S64,CH.06,reframe,15:26,15:40,14,A,S63,REFRAME,,camera move on S63: Reverse the move — push in toward the lit doorway until it fills the frame.
72,S65,CH.06,still,15:40,15:54,14,A,,PENDING,,"A pair of worn slippers set neatly at the foot of a floor cushion, close and low, warm ochre lamplight raking across the leather. Deep navy floor beyond. Ink and watercolour illustration, visible pen linework in deep indigo-navy, loose translucent washes bleeding past the contour lines, dry-brush texture, warm cream parchment paper showing through. Restricted palette: deep indigo-navy, warm ochre, muted terracotta, olive-sage, bone white. One warm light source, deep navy shadow everywhere else. Hand-painted storybook plate, torn deckled paper edge. 16:9. No text, no lettering, no calligraphy in the image."
73,S66,CH.06,still,15:54,16:08,14,A,,PENDING,,"Two manuscript pages side by side on a table, one noticeably more worn, foxed and repaired at the corners than the other. Warm ochre light from above. No legible writing on either — ink strokes only. Ink and watercolour illustration, visible pen linework in deep indigo-navy, loose translucent washes bleeding past the contour lines, dry-brush texture, warm cream parchment paper showing through. Restricted palette: deep indigo-navy, warm ochre, muted terracotta, olive-sage, bone white. One warm light source, deep navy shadow everywhere else. Hand-painted storybook plate, torn deckled paper edge. 16:9. No text, no lettering, no calligraphy in the image."
74,S67,CH.06,still,16:08,16:25,17,A,,PENDING,,"A weapon — a sheathed sword — laid down flat on a stone step outside a lit doorway, deliberately set aside rather than dropped. Warm ochre light from the doorway falls across the scabbard. Deep navy street. Ink and watercolour illustration, visible pen linework in deep indigo-navy, loose translucent washes bleeding past the contour lines, dry-brush texture, warm cream parchment paper showing through. Restricted palette: deep indigo-navy, warm ochre, muted terracotta, olive-sage, bone white. One warm light source, deep navy shadow everywhere else. Hand-painted storybook plate, torn deckled paper edge. 16:9. No text, no lettering, no calligraphy in the image."
75,S68,CH.07,still,16:25,16:39,14,A,,PENDING,,"A small square stone cell standing alone on a bare hillside at first light, a single low doorway, no windows. Pale cream sky, warm ochre light on one wall, the other faces in deep navy. Isolated and deliberate. Ink and watercolour illustration, visible pen linework in deep indigo-navy, loose translucent washes bleeding past the contour lines, dry-brush texture, warm cream parchment paper showing through. Restricted palette: deep indigo-navy, warm ochre, muted terracotta, olive-sage, bone white. One warm light source, deep navy shadow everywhere else. Hand-painted storybook plate, torn deckled paper edge. 16:9. No text, no lettering, no calligraphy in the image."
76,S69,CH.07,still,16:39,16:53,14,A,,GENERATED,https://d8j0ntlcm91z4.cloudfront.net/user_3DIdxOyZbIza4RXcOmzEG5FQVOT/hf_20260818_063848_a6082402-7cd9-43b3-81fb-42ab0606fd55.png,"The interior of the cell: a woven prayer mat laid square on a swept stone floor, a shallow niche in the far wall, a small lamp burning in it. Nobody present. Warm ochre from the niche, deep navy corners. Ink and watercolour illustration, visible pen linework in deep indigo-navy, loose translucent washes bleeding past the contour lines, dry-brush texture, warm cream parchment paper showing through. Restricted palette: deep indigo-navy, warm ochre, muted terracotta, olive-sage, bone white. One warm light source, deep navy shadow everywhere else. Hand-painted storybook plate, torn deckled paper edge. 16:9. No text, no lettering, no calligraphy in the image."
77,S70,CH.07,reframe,16:53,17:07,14,A,S69,REFRAME,,camera move on S69: Slow push toward the lit niche until it fills the upper frame.
78,S71,CH.07,still,17:07,17:21,14,A,,PENDING,,"A doorway seen from inside a dark room, with the long shadow of a standing figure cast across the threshold from outside — the figure itself entirely outside the frame. Warm ochre daylight beyond, deep navy interior. Only the shadow. Ink and watercolour illustration, visible pen linework in deep indigo-navy, loose translucent washes bleeding past the contour lines, dry-brush texture, warm cream parchment paper showing through. Restricted palette: deep indigo-navy, warm ochre, muted terracotta, olive-sage, bone white. One warm light source, deep navy shadow everywhere else. Hand-painted storybook plate, torn deckled paper edge. 16:9. No text, no lettering, no calligraphy in the image."
79,S72,CH.07,still,17:21,17:35,14,A,,PENDING,,"The outside of the cell's low doorway, close, with a single old hand cropped at the wrist resting flat against the doorframe — waiting rather than knocking. Warm ochre light across the weathered wood, deep navy inside the opening. Ink and watercolour illustration, visible pen linework in deep indigo-navy, loose translucent washes bleeding past the contour lines, dry-brush texture, warm cream parchment paper showing through. Restricted palette: deep indigo-navy, warm ochre, muted terracotta, olive-sage, bone white. One warm light source, deep navy shadow everywhere else. Hand-painted storybook plate, torn deckled paper edge. 16:9. No text, no lettering, no calligraphy in the image."
80,S73,CH.07,still,17:35,17:49,14,A,,PENDING,,"A prayer mat seen from directly above, its nap worn bare in two places where feet have stood, and in one place where a forehead has rested. Warm ochre raking light shows the wear. Deep navy floor around the edge. Ink and watercolour illustration, visible pen linework in deep indigo-navy, loose translucent washes bleeding past the contour lines, dry-brush texture, warm cream parchment paper showing through. Restricted palette: deep indigo-navy, warm ochre, muted terracotta, olive-sage, bone white. One warm light source, deep navy shadow everywhere else. Hand-painted storybook plate, torn deckled paper edge. 16:9. No text, no lettering, no calligraphy in the image."
81,S74,CH.07,still,17:49,18:03,14,A,,PENDING,,"Three short vertical scratches cut into a plastered wall beside a doorway, close and low, the plaster crumbled a little at each mark. Warm ochre raking light throws each scratch into navy relief. Ink and watercolour illustration, visible pen linework in deep indigo-navy, loose translucent washes bleeding past the contour lines, dry-brush texture, warm cream parchment paper showing through. Restricted palette: deep indigo-navy, warm ochre, muted terracotta, olive-sage, bone white. One warm light source, deep navy shadow everywhere else. Hand-painted storybook plate, torn deckled paper edge. 16:9. No text, no lettering, no calligraphy in the image."
82,S75,CH.07,reframe,18:03,18:17,14,A,S74,REFRAME,,"camera move on S74: Push to the third scratch alone, isolated in frame."
83,S76,CH.07,still,18:17,18:31,14,A,,PENDING,,"Two open hands raised and cupped in supplication, cropped at the forearms by the frame edge, held against a field of deep navy, one warm ochre light catching the palms. Old hands, thin skinned. Nothing else in frame. Ink and watercolour illustration, visible pen linework in deep indigo-navy, loose translucent washes bleeding past the contour lines, dry-brush texture, warm cream parchment paper showing through. Restricted palette: deep indigo-navy, warm ochre, muted terracotta, olive-sage, bone white. One warm light source, deep navy shadow everywhere else. Hand-painted storybook plate, torn deckled paper edge. 16:9. No text, no lettering, no calligraphy in the image. An empty prayer mat with a single lamp set at its head, the room entirely dark beyond, one warm ochre pool of light. Ink and watercolour illustration, visible pen linework in deep indigo-navy, loose translucent washes bleeding past the contour lines, dry-brush texture, warm cream parchment paper showing through. Restricted palette: deep indigo-navy, warm ochre, muted terracotta, olive-sage, bone white. One warm light source, deep navy shadow everywhere else. Hand-painted storybook plate, torn deckled paper edge. 16:9. No text, no lettering, no calligraphy in the image."
84,S77,CH.07,still,18:31,18:45,14,A,,PENDING,,"The stone cell pulled apart: its walls reduced to a low scatter of blocks on the hillside, the doorway lintel lying flat among them, the prayer mat visible half-buried under stone. Pale cream sky, deep navy rubble, one warm ochre shaft of low sun across the wreckage. Ink and watercolour illustration, visible pen linework in deep indigo-navy, loose translucent washes bleeding past the contour lines, dry-brush texture, warm cream parchment paper showing through. Restricted palette: deep indigo-navy, warm ochre, muted terracotta, olive-sage, bone white. One warm light source, deep navy shadow everywhere else. Hand-painted storybook plate, torn deckled paper edge. 16:9. No text, no lettering, no calligraphy in the image."
85,S78,CH.07,still,18:45,18:58,13,A,,PENDING,,"Dust settling in a low warm shaft of light over broken stone, close to the ground, the air thick with it. Deep navy beyond the shaft. Ink and watercolour illustration, visible pen linework in deep indigo-navy, loose translucent washes bleeding past the contour lines, dry-brush texture, warm cream parchment paper showing through. Restricted palette: deep indigo-navy, warm ochre, muted terracotta, olive-sage, bone white. One warm light source, deep navy shadow everywhere else. Hand-painted storybook plate, torn deckled paper edge. 16:9. No text, no lettering, no calligraphy in the image."
86,S79,CH.07,still,18:58,19:10,12,A,,PENDING,,"A wooden peg rail on a wall with every single peg occupied by a hanging garment or bag, and one further garment lying on the floor beneath it with nowhere left to go. Warm ochre light from the left, deep navy wall. Ink and watercolour illustration, visible pen linework in deep indigo-navy, loose translucent washes bleeding past the contour lines, dry-brush texture, warm cream parchment paper showing through. Restricted palette: deep indigo-navy, warm ochre, muted terracotta, olive-sage, bone white. One warm light source, deep navy shadow everywhere else. Hand-painted storybook plate, torn deckled paper edge. 16:9. No text, no lettering, no calligraphy in the image."
87,S80,CH.08,still,19:10,19:24,14,A,,PENDING,,"A single upright boundary stone standing in open ground, weathered and plain, with country running away unbroken on both sides of it. Pale cream sky, warm ochre on the stone's lit face, deep navy on its shadow side. Ink and watercolour illustration, visible pen linework in deep indigo-navy, loose translucent washes bleeding past the contour lines, dry-brush texture, warm cream parchment paper showing through. Restricted palette: deep indigo-navy, warm ochre, muted terracotta, olive-sage, bone white. One warm light source, deep navy shadow everywhere else. Hand-painted storybook plate, torn deckled paper edge. 16:9. No text, no lettering, no calligraphy in the image."
88,S81,CH.08,reframe,19:24,19:38,14,A,S80,REFRAME,,camera move on S80: Widen out to show how much open ground lies on either side of the stone.
89,S82,CH.08,still,19:38,19:52,14,A,,PENDING,,"A single clean line drawn in fine sand, close and low, sharp-edged and unmistakable, running the full width of frame. Warm ochre light from one side throws a thin navy shadow along the line's edge. Ink and watercolour illustration, visible pen linework in deep indigo-navy, loose translucent washes bleeding past the contour lines, dry-brush texture, warm cream parchment paper showing through. Restricted palette: deep indigo-navy, warm ochre, muted terracotta, olive-sage, bone white. One warm light source, deep navy shadow everywhere else. Hand-painted storybook plate, torn deckled paper edge. 16:9. No text, no lettering, no calligraphy in the image."
90,S83,CH.08,still,19:52,20:06,14,A,,PENDING,,"An open palm held up flat, cropped at the wrist, facing camera in the universal gesture of refusal, against deep navy. One warm ochre light from the left rakes across it. Nothing else in frame. Ink and watercolour illustration, visible pen linework in deep indigo-navy, loose translucent washes bleeding past the contour lines, dry-brush texture, warm cream parchment paper showing through. Restricted palette: deep indigo-navy, warm ochre, muted terracotta, olive-sage, bone white. One warm light source, deep navy shadow everywhere else. Hand-painted storybook plate, torn deckled paper edge. 16:9. No text, no lettering, no calligraphy in the image. A closed gate with a lamp still burning brightly on the near side of it — shut, and not dark. Ink and watercolour illustration, visible pen linework in deep indigo-navy, loose translucent washes bleeding past the contour lines, dry-brush texture, warm cream parchment paper showing through. Restricted palette: deep indigo-navy, warm ochre, muted terracotta, olive-sage, bone white. One warm light source, deep navy shadow everywhere else. Hand-painted storybook plate, torn deckled paper edge. 16:9. No text, no lettering, no calligraphy in the image."
91,S84,CH.08,still,20:06,20:20,14,A,,PENDING,,"Two tracks in dry ground that diverge at a low rise, but which continue to run within sight of one another for as far as the frame extends. Pale cream sky, warm ochre earth, navy in the wheel ruts. Ink and watercolour illustration, visible pen linework in deep indigo-navy, loose translucent washes bleeding past the contour lines, dry-brush texture, warm cream parchment paper showing through. Restricted palette: deep indigo-navy, warm ochre, muted terracotta, olive-sage, bone white. One warm light source, deep navy shadow everywhere else. Hand-painted storybook plate, torn deckled paper edge. 16:9. No text, no lettering, no calligraphy in the image."
92,S85,CH.08,still,20:20,20:35,15,A,,PENDING,,"A rope bridge spanning a narrow ravine, entirely intact, its planks worn with use, seen side-on. Nobody on it. Warm ochre light along the ropes, deep navy in the gorge below. Ink and watercolour illustration, visible pen linework in deep indigo-navy, loose translucent washes bleeding past the contour lines, dry-brush texture, warm cream parchment paper showing through. Restricted palette: deep indigo-navy, warm ochre, muted terracotta, olive-sage, bone white. One warm light source, deep navy shadow everywhere else. Hand-painted storybook plate, torn deckled paper edge. 16:9. No text, no lettering, no calligraphy in the image."
93,C8,CH.08,card,20:35,20:39,4,A,,TYPESET,,وَصَاحِبْهُمَا مَعْرُوفًا
94,S86,CH.08,still,20:39,20:53,14,A,,PENDING,,"A tray of food set on the floor beside a cushion, completely untouched — bread unbroken, dates unmoved, the cup full to the brim. Warm ochre lamplight from one side, deep navy floor beyond. Ink and watercolour illustration, visible pen linework in deep indigo-navy, loose translucent washes bleeding past the contour lines, dry-brush texture, warm cream parchment paper showing through. Restricted palette: deep indigo-navy, warm ochre, muted terracotta, olive-sage, bone white. One warm light source, deep navy shadow everywhere else. Hand-painted storybook plate, torn deckled paper edge. 16:9. No text, no lettering, no calligraphy in the image."
95,S87,CH.08,reframe,20:53,21:07,14,A,S86,REFRAME,,camera move on S86: Push in on the unbroken bread.
96,S88,CH.08,still,21:07,21:21,14,A,,PENDING,,"A lamp burning steadily in an otherwise empty room, seen from the far corner, its light reaching only a small distance into deep navy. The room is not abandoned — a cushion, a folded cloth, a cup all remain in place. Ink and watercolour illustration, visible pen linework in deep indigo-navy, loose translucent washes bleeding past the contour lines, dry-brush texture, warm cream parchment paper showing through. Restricted palette: deep indigo-navy, warm ochre, muted terracotta, olive-sage, bone white. One warm light source, deep navy shadow everywhere else. Hand-painted storybook plate, torn deckled paper edge. 16:9. No text, no lettering, no calligraphy in the image."
97,S89,CH.08,still,21:21,21:35,14,A,,PENDING,,"A second cup of water set down beside the untouched tray, close and low, placed squarely and with care. Warm ochre pool of light. Deep navy beyond. Ink and watercolour illustration, visible pen linework in deep indigo-navy, loose translucent washes bleeding past the contour lines, dry-brush texture, warm cream parchment paper showing through. Restricted palette: deep indigo-navy, warm ochre, muted terracotta, olive-sage, bone white. One warm light source, deep navy shadow everywhere else. Hand-painted storybook plate, torn deckled paper edge. 16:9. No text, no lettering, no calligraphy in the image."
98,S90,CH.08,still,21:35,21:49,14,A,,PENDING,,"The same tray, now with the bread broken and a portion taken, the cup half empty. Warm ochre lamplight from the same side as before. Ink and watercolour illustration, visible pen linework in deep indigo-navy, loose translucent washes bleeding past the contour lines, dry-brush texture, warm cream parchment paper showing through. Restricted palette: deep indigo-navy, warm ochre, muted terracotta, olive-sage, bone white. One warm light source, deep navy shadow everywhere else. Hand-painted storybook plate, torn deckled paper edge. 16:9. No text, no lettering, no calligraphy in the image."
99,S91,CH.08,reframe,21:49,22:05,16,A,S90,REFRAME,,camera move on S90: Pull back slowly from the tray to include the cushion beside it.
100,S92,CH.09,still,22:05,22:21,16,A,,GENERATED,https://d8j0ntlcm91z4.cloudfront.net/user_3DIdxOyZbIza4RXcOmzEG5FQVOT/hf_20260818_063848_97a444bb-ab27-4c1d-9472-2defa1029c18.png,"A heavy wooden door bolted shut from the inside, seen from the interior, with warm ochre lamplight full on the near face of the door and the bolt drawn firmly across. The room behind camera is lit and lived in. Deep navy at the door's edges. Ink and watercolour illustration, visible pen linework in deep indigo-navy, loose translucent washes bleeding past the contour lines, dry-brush texture, warm cream parchment paper showing through. Restricted palette: deep indigo-navy, warm ochre, muted terracotta, olive-sage, bone white. One warm light source, deep navy shadow everywhere else. Hand-painted storybook plate, torn deckled paper edge. 16:9. No text, no lettering, no calligraphy in the image."
101,S93,CH.09,reframe,22:21,22:37,16,A,S92,REFRAME,,camera move on S92: Push in on the drawn bolt.
102,S94,CH.09,still,22:37,22:53,16,A,,PENDING,,"A high courtyard wall with a closed gate set into it, and a small shuttered window in the gate standing open. Warm ochre light comes through the small open window; the gate itself stays shut. Deep navy wall. Ink and watercolour illustration, visible pen linework in deep indigo-navy, loose translucent washes bleeding past the contour lines, dry-brush texture, warm cream parchment paper showing through. Restricted palette: deep indigo-navy, warm ochre, muted terracotta, olive-sage, bone white. One warm light source, deep navy shadow everywhere else. Hand-painted storybook plate, torn deckled paper edge. 16:9. No text, no lettering, no calligraphy in the image."
103,S95,CH.09,still,22:53,23:08,15,A,,PENDING,,"A folded cloth bundle left on a stone doorstep at dawn, tied with cord, placed squarely against the door. Nobody present, and no footprints. Pale cream light, warm ochre on the cloth, deep navy in the doorway recess. Ink and watercolour illustration, visible pen linework in deep indigo-navy, loose translucent washes bleeding past the contour lines, dry-brush texture, warm cream parchment paper showing through. Restricted palette: deep indigo-navy, warm ochre, muted terracotta, olive-sage, bone white. One warm light source, deep navy shadow everywhere else. Hand-painted storybook plate, torn deckled paper edge. 16:9. No text, no lettering, no calligraphy in the image."
104,S96,CH.09,still,23:08,23:23,15,A,,PENDING,,"A small heap of coins wrapped in an open square of cloth on a plain table, the cloth being folded closed over them. Hands are not in frame. Warm ochre light from above, deep navy table edge. Ink and watercolour illustration, visible pen linework in deep indigo-navy, loose translucent washes bleeding past the contour lines, dry-brush texture, warm cream parchment paper showing through. Restricted palette: deep indigo-navy, warm ochre, muted terracotta, olive-sage, bone white. One warm light source, deep navy shadow everywhere else. Hand-painted storybook plate, torn deckled paper edge. 16:9. No text, no lettering, no calligraphy in the image."
105,S97,CH.09,reframe,23:23,23:38,15,A,S96,REFRAME,,camera move on S96: Push in until the wrapped bundle fills the frame.
106,S98,CH.09,still,23:38,23:53,15,A,,PENDING,,"A house on the far side of a wide dark valley at night, with a single lit window, seen from a great distance. Most of the frame is deep navy country. The lit window is very small and very warm. Ink and watercolour illustration, visible pen linework in deep indigo-navy, loose translucent washes bleeding past the contour lines, dry-brush texture, warm cream parchment paper showing through. Restricted palette: deep indigo-navy, warm ochre, muted terracotta, olive-sage, bone white. One warm light source, deep navy shadow everywhere else. Hand-painted storybook plate, torn deckled paper edge. 16:9. No text, no lettering, no calligraphy in the image."
107,S99,CH.09,still,23:53,24:08,15,A,,PENDING,,"Two open hands cupped together in supplication, cropped at the forearms, held low against deep navy, one warm ochre light falling into the cupped palms. Nothing else in frame. Ink and watercolour illustration, visible pen linework in deep indigo-navy, loose translucent washes bleeding past the contour lines, dry-brush texture, warm cream parchment paper showing through. Restricted palette: deep indigo-navy, warm ochre, muted terracotta, olive-sage, bone white. One warm light source, deep navy shadow everywhere else. Hand-painted storybook plate, torn deckled paper edge. 16:9. No text, no lettering, no calligraphy in the image. An empty prayer mat, a lamp at its head, seen from above in an otherwise dark room. Ink and watercolour illustration, visible pen linework in deep indigo-navy, loose translucent washes bleeding past the contour lines, dry-brush texture, warm cream parchment paper showing through. Restricted palette: deep indigo-navy, warm ochre, muted terracotta, olive-sage, bone white. One warm light source, deep navy shadow everywhere else. Hand-painted storybook plate, torn deckled paper edge. 16:9. No text, no lettering, no calligraphy in the image."
108,S100,CH.09,still,24:08,24:23,15,A,,PENDING,,"A stone footbridge over a stream, entirely intact and well kept, nobody crossing it. Warm ochre low sun along the parapet, deep navy water beneath. Ink and watercolour illustration, visible pen linework in deep indigo-navy, loose translucent washes bleeding past the contour lines, dry-brush texture, warm cream parchment paper showing through. Restricted palette: deep indigo-navy, warm ochre, muted terracotta, olive-sage, bone white. One warm light source, deep navy shadow everywhere else. Hand-painted storybook plate, torn deckled paper edge. 16:9. No text, no lettering, no calligraphy in the image."
109,S101,CH.09,still,24:23,24:39,16,A,,PENDING,,"Two oil lamps burning on opposite sides of a wide dark interior, a considerable distance apart, both alight, the space between them entirely deep navy. Ink and watercolour illustration, visible pen linework in deep indigo-navy, loose translucent washes bleeding past the contour lines, dry-brush texture, warm cream parchment paper showing through. Restricted palette: deep indigo-navy, warm ochre, muted terracotta, olive-sage, bone white. One warm light source, deep navy shadow everywhere else. Hand-painted storybook plate, torn deckled paper edge. 16:9. No text, no lettering, no calligraphy in the image."
110,S102,CH.09,reframe,24:39,24:55,16,A,S101,REFRAME,,camera move on S101: Slow lateral drift from one lamp across the dark span toward the other.
111,S103,CH.10,still,24:55,25:10,15,A,,PENDING,,"A single large bird's wing, fully raised and extended upward, seen close against a pale cream sky — the wing only, the body of the bird outside the frame. Individual feathers rendered in loose ink line, warm ochre light through the translucent flight feathers, deep navy along the leading edge. Ink and watercolour illustration, visible pen linework in deep indigo-navy, loose translucent washes bleeding past the contour lines, dry-brush texture, warm cream parchment paper showing through. Restricted palette: deep indigo-navy, warm ochre, muted terracotta, olive-sage, bone white. One warm light source, deep navy shadow everywhere else. Hand-painted storybook plate, torn deckled paper edge. 16:9. No text, no lettering, no calligraphy in the image. A length of heavy cloth held up high and taut like an awning against a pale cream sky, its underside in navy shadow. Ink and watercolour illustration, visible pen linework in deep indigo-navy, loose translucent washes bleeding past the contour lines, dry-brush texture, warm cream parchment paper showing through. Restricted palette: deep indigo-navy, warm ochre, muted terracotta, olive-sage, bone white. One warm light source, deep navy shadow everywhere else. Hand-painted storybook plate, torn deckled paper edge. 16:9. No text, no lettering, no calligraphy in the image."
112,S104,CH.10,reframe,25:10,25:25,15,A,S103,REFRAME,,"camera move on S103: The same wing, now lowered and curved downward, its tip near the ground."
113,S105,CH.10,still,25:25,25:40,15,A,,PENDING,,"The lowered wing seen from the side, curved down and forward so that it fully covers a small woven nest on the ground beneath it, the nest almost entirely hidden in warm navy shadow. Pale cream sky above. Ink and watercolour illustration, visible pen linework in deep indigo-navy, loose translucent washes bleeding past the contour lines, dry-brush texture, warm cream parchment paper showing through. Restricted palette: deep indigo-navy, warm ochre, muted terracotta, olive-sage, bone white. One warm light source, deep navy shadow everywhere else. Hand-painted storybook plate, torn deckled paper edge. 16:9. No text, no lettering, no calligraphy in the image. The lowered cloth forming a shelter over a sleeping mat and a folded blanket on the ground beneath. Ink and watercolour illustration, visible pen linework in deep indigo-navy, loose translucent washes bleeding past the contour lines, dry-brush texture, warm cream parchment paper showing through. Restricted palette: deep indigo-navy, warm ochre, muted terracotta, olive-sage, bone white. One warm light source, deep navy shadow everywhere else. Hand-painted storybook plate, torn deckled paper edge. 16:9. No text, no lettering, no calligraphy in the image."
114,S106,CH.10,still,25:40,25:55,15,A,,PENDING,,"A woven awning being let down over a doorway from above, half lowered, warm ochre light narrowing on the step beneath it as it descends. Deep navy wall. Ink and watercolour illustration, visible pen linework in deep indigo-navy, loose translucent washes bleeding past the contour lines, dry-brush texture, warm cream parchment paper showing through. Restricted palette: deep indigo-navy, warm ochre, muted terracotta, olive-sage, bone white. One warm light source, deep navy shadow everywhere else. Hand-painted storybook plate, torn deckled paper edge. 16:9. No text, no lettering, no calligraphy in the image."
115,S107,CH.10,still,25:55,26:10,15,A,,PENDING,,"A hand cropped at the wrist, cupped and held around a lamp flame to shield it from a draught — close to the flame but not touching it. Warm ochre light through the translucent edges of the fingers. Deep navy beyond. Ink and watercolour illustration, visible pen linework in deep indigo-navy, loose translucent washes bleeding past the contour lines, dry-brush texture, warm cream parchment paper showing through. Restricted palette: deep indigo-navy, warm ochre, muted terracotta, olive-sage, bone white. One warm light source, deep navy shadow everywhere else. Hand-painted storybook plate, torn deckled paper edge. 16:9. No text, no lettering, no calligraphy in the image. A glass chimney being lowered over a bare lamp flame, the flame steadying as it descends. Ink and watercolour illustration, visible pen linework in deep indigo-navy, loose translucent washes bleeding past the contour lines, dry-brush texture, warm cream parchment paper showing through. Restricted palette: deep indigo-navy, warm ochre, muted terracotta, olive-sage, bone white. One warm light source, deep navy shadow everywhere else. Hand-painted storybook plate, torn deckled paper edge. 16:9. No text, no lettering, no calligraphy in the image."
116,S108,CH.10,still,26:10,26:20,10,A,,PENDING,,"A blanket laid carefully over a sleeping form on a floor mat — the form entirely covered, no head, face, or limb visible, only the shape beneath the cloth. Warm ochre lamplight from low left, deep navy room. Ink and watercolour illustration, visible pen linework in deep indigo-navy, loose translucent washes bleeding past the contour lines, dry-brush texture, warm cream parchment paper showing through. Restricted palette: deep indigo-navy, warm ochre, muted terracotta, olive-sage, bone white. One warm light source, deep navy shadow everywhere else. Hand-painted storybook plate, torn deckled paper edge. 16:9. No text, no lettering, no calligraphy in the image."
117,C9,CH.10,card,26:20,26:24,4,A,,TYPESET,,رَبِّ ارْحَمْهُمَا كَمَا رَبَّيَانِي صَغِيرًا
118,S109,CH.10,still,26:24,26:40,16,A,,PENDING,,"Two open hands raised together in supplication, cropped at the forearms, held against deep navy with one warm ochre light from above falling directly into the open palms. Ink and watercolour illustration, visible pen linework in deep indigo-navy, loose translucent washes bleeding past the contour lines, dry-brush texture, warm cream parchment paper showing through. Restricted palette: deep indigo-navy, warm ochre, muted terracotta, olive-sage, bone white. One warm light source, deep navy shadow everywhere else. Hand-painted storybook plate, torn deckled paper edge. 16:9. No text, no lettering, no calligraphy in the image. A single lamp burning at the head of an empty prayer mat, seen low and close, the flame steady. Ink and watercolour illustration, visible pen linework in deep indigo-navy, loose translucent washes bleeding past the contour lines, dry-brush texture, warm cream parchment paper showing through. Restricted palette: deep indigo-navy, warm ochre, muted terracotta, olive-sage, bone white. One warm light source, deep navy shadow everywhere else. Hand-painted storybook plate, torn deckled paper edge. 16:9. No text, no lettering, no calligraphy in the image."
119,S110,CH.10,reframe,26:40,26:55,15,A,S109,REFRAME,,camera move on S109: Hold and push in very slowly until the lit palms — or the flame — fill frame.
120,S111,CH.11,still,26:55,27:12,17,A,,PENDING,,"An empty stony road running through open country, with a low unmarked mound of earth and stones at its verge, and a wide horizon beyond. Completely unpopulated — no people, no animals, no structures, no figures of any kind. Pale cream sky, warm ochre low light along the ground, deep navy in the stones. Still and plain. Ink and watercolour illustration, visible pen linework in deep indigo-navy, loose translucent washes bleeding past the contour lines, dry-brush texture, warm cream parchment paper showing through. Restricted palette: deep indigo-navy, warm ochre, muted terracotta, olive-sage, bone white. One warm light source, deep navy shadow everywhere else. Hand-painted storybook plate, torn deckled paper edge. 16:9. No text, no lettering, no calligraphy in the image."
121,S112,CH.11,reframe,27:12,27:27,15,A,S111,REFRAME,,"camera move on S111: Very slow push toward the horizon, the mound leaving frame at the lower edge."
122,S113,CH.11,still,27:27,27:42,15,A,,PENDING,,"Dry roadside grass bending in a light wind, close and low against a pale cream sky, the seed heads catching warm ochre light. Deep navy at the base of the stems. Ink and watercolour illustration, visible pen linework in deep indigo-navy, loose translucent washes bleeding past the contour lines, dry-brush texture, warm cream parchment paper showing through. Restricted palette: deep indigo-navy, warm ochre, muted terracotta, olive-sage, bone white. One warm light source, deep navy shadow everywhere else. Hand-painted storybook plate, torn deckled paper edge. 16:9. No text, no lettering, no calligraphy in the image."
123,S114,CH.11,still,27:42,27:57,15,A,,PENDING,,"The first rain falling on dry cracked earth, close, the drops darkening the surface in scattered spots. Warm ochre light from a low sun catching the falling drops. Deep navy in the cracks. Ink and watercolour illustration, visible pen linework in deep indigo-navy, loose translucent washes bleeding past the contour lines, dry-brush texture, warm cream parchment paper showing through. Restricted palette: deep indigo-navy, warm ochre, muted terracotta, olive-sage, bone white. One warm light source, deep navy shadow everywhere else. Hand-painted storybook plate, torn deckled paper edge. 16:9. No text, no lettering, no calligraphy in the image."
124,S115,CH.11,still,27:57,28:12,15,A,,PENDING,,"A single lit window in a wall at night seen from outside, warm ochre light falling from it onto the ground below, everything else deep navy. Ink and watercolour illustration, visible pen linework in deep indigo-navy, loose translucent washes bleeding past the contour lines, dry-brush texture, warm cream parchment paper showing through. Restricted palette: deep indigo-navy, warm ochre, muted terracotta, olive-sage, bone white. One warm light source, deep navy shadow everywhere else. Hand-painted storybook plate, torn deckled paper edge. 16:9. No text, no lettering, no calligraphy in the image."
125,S116,CH.11,still,28:12,28:27,15,A,,HAVE,S116.jpg,"An open manuscript on a stand with a lamp beside it, the pages fully lit and the room dark around. Ink strokes suggested, never legible. Warm ochre across the open spread. Ink and watercolour illustration, visible pen linework in deep indigo-navy, loose translucent washes bleeding past the contour lines, dry-brush texture, warm cream parchment paper showing through. Restricted palette: deep indigo-navy, warm ochre, muted terracotta, olive-sage, bone white. One warm light source, deep navy shadow everywhere else. Hand-painted storybook plate, torn deckled paper edge. 16:9. No text, no lettering, no calligraphy in the image."
126,S117,CH.11,reframe,28:27,28:42,15,A,S116,REFRAME,S116.jpg,camera move on S116: Push in on the lit page until the paper texture fills the frame.
127,S118,CH.11,still,28:42,28:57,15,A,,PENDING,,"A low table set for a meal with three places laid and one place left empty, the empty setting kept and clean. Warm ochre lamplight from above, deep navy at the edges of the room. Ink and watercolour illustration, visible pen linework in deep indigo-navy, loose translucent washes bleeding past the contour lines, dry-brush texture, warm cream parchment paper showing through. Restricted palette: deep indigo-navy, warm ochre, muted terracotta, olive-sage, bone white. One warm light source, deep navy shadow everywhere else. Hand-painted storybook plate, torn deckled paper edge. 16:9. No text, no lettering, no calligraphy in the image."
128,S119,CH.11,still,28:57,29:12,15,A,,PENDING,,"Two open hands raised in supplication, cropped at the forearms, warm ochre light from above, deep navy behind. Held plainly, without drama. Ink and watercolour illustration, visible pen linework in deep indigo-navy, loose translucent washes bleeding past the contour lines, dry-brush texture, warm cream parchment paper showing through. Restricted palette: deep indigo-navy, warm ochre, muted terracotta, olive-sage, bone white. One warm light source, deep navy shadow everywhere else. Hand-painted storybook plate, torn deckled paper edge. 16:9. No text, no lettering, no calligraphy in the image. The empty prayer mat and its lamp, seen straight on, the flame steady. Ink and watercolour illustration, visible pen linework in deep indigo-navy, loose translucent washes bleeding past the contour lines, dry-brush texture, warm cream parchment paper showing through. Restricted palette: deep indigo-navy, warm ochre, muted terracotta, olive-sage, bone white. One warm light source, deep navy shadow everywhere else. Hand-painted storybook plate, torn deckled paper edge. 16:9. No text, no lettering, no calligraphy in the image."
129,S120,CH.11,still,29:12,29:28,16,A,,PENDING,,"A lamp still burning at dawn, its flame gone pale and thin against the growing cream daylight coming through a window behind it. Deep navy retreating from the room. Ink and watercolour illustration, visible pen linework in deep indigo-navy, loose translucent washes bleeding past the contour lines, dry-brush texture, warm cream parchment paper showing through. Restricted palette: deep indigo-navy, warm ochre, muted terracotta, olive-sage, bone white. One warm light source, deep navy shadow everywhere else. Hand-painted storybook plate, torn deckled paper edge. 16:9. No text, no lettering, no calligraphy in the image."
130,S121,CH.11,reframe,29:28,29:45,17,A,S48,REFRAME,,"camera move on S48: Return to the wide open plain from chapter 05, now at full sunrise, the horizon warm and the foreground clear. Hold to the end card."
