order,chunk,render_time,dur,starts,ends,note
1,vo01-121927.mp3,121927,27.0,0:00.0,0:27.0,
2,vo02-122111.mp3,122111,25.2,0:27.0,0:52.2,
3,vo03-122245.mp3,122245,34.6,0:52.2,1:26.8,
4,vo04-122432.mp3,122432,16.7,1:26.8,1:43.5,
5,vo05-122559.mp3,122559,31.7,1:43.5,2:15.2,
6,vo06-122726.mp3,122726,34.0,2:15.2,2:49.2,
7,vo07-123027.mp3,123027,36.8,2:49.2,3:26.0,
8,vo08-123230.mp3,123230,39.6,3:26.0,4:05.6,
,ES_Voice_Benjamin20260817T123230Z_2.mp3,123230,,,,BYTE-IDENTICAL DUPLICATE of vo08-123230.mp3
9,vo09-123420.mp3,123420,30.1,4:05.6,4:35.7,
10,vo10-123547.mp3,123547,26.4,4:35.7,5:02.1,
